lname,start,end
kugler,9-13-2023,
barr,7-19-2022,
jefferson,5-23-2022,
cook,5-23-2022,
waller,12-18-2020,
bowman,11-26-2018,
clarida,9-17-2018,1-14-2022
quarles,9-17-2017,12-25-2021
brainard,6-16-2014,2-18-2023
fischer,5-28-2014,10-16-2017
stein,5-30-2012,5-28-2014
powell,5-25-2012,
raskin,10-4-2010,3-13-2014
tarullo,1-28-2009,4-5-2017
duke,8-5-2008,8-31-2013
mishkin,9-5-2006,8-31-2008
kroszner,3-1-2006,1-21-2009
warsh,2-24-2006,4-2-2011
kohn,8-5-2002,9-1-2010
bernanke,8-5-2002,6-21-2005
bernanke,2-1-2006,1-31-2014
olson,12-7-2001,6-3-2006
bies,12-7-2001,3-30-2007
gramlich,11-5-1997,8-31-2005
ferguson,11-5-1997,4-28-2006
rivlin,6-25-1996,7-16-1999
meyer,6-24-1996,1-31-2002
yellen,8-12-1994,2-17-1997
yellen,10-4-2010,2-3-2018
blinder,6-27-1994,1-31-1996
phillips,12-2-1991,6-30-1998
lindsey,11-26-1991,2-5-1997
mullins,5-21-1990,2-14-1994
laware,8-15-1998,4-30-1995
greenspan,8-11-1987,1-31-2006
kelley,5-26-1987,1-31-2001
